"","obs_num","topic","tweet","predicted_label_f","true_label_f"
"1",4,"abort","PRAYERS FOR BABIES Urgent prayer one in Lexington KY&two in Dallas TX&in Chattanooga TN  Life begins at conception  #SemST","None","Against"
"2",5,"abort","I do not want to bring a child into this dangerous patriarchy. But I want to feel pregnancy as an experience #PregnancyForAll #SemST","Favor","Against"
"3",6,"abort","I have a right to identify as pregnant and have an abortion. Having an abortion confirms my power of choice. #PregnancyForAll #SemST","Favor","Against"
"4",8,"abort","Pray for the Navy yard. God please keep the casualties minimal.   #1A #2A #NRA #COS #CCOT #TGDN #PJNET  #WAKEUPAMERICA #SemST","None","Against"
"5",9,"abort","I #DenounceHarper because his religious ties are responsible for the #MarchForLife anti-choice rallies on Parliament Hill. #SemST","None","Against"
"6",10,"abort","The government has given no explanation of why the law was changed #macedonia #HRCtte #SemST","None","Against"
"7",11,"abort","The government has not been able to point to any improved health outcomes for women #law #macedonia #HRCtte #SemST","Favor","Against"
"8",12,"abort","#ICCPR report does not cite any reasons for the changes in the legislation regulating. #macedonia #law # #SemST","None","Against"
"9",13,"abort","Those who deny women who've been raped abortion are the same ppl who tell rape victims they asked for it. #rape #SemST","Favor","Against"
"10",14,"abort","@notmuchelse Giving birth is not pushing women toward death. #SemST","Favor","Against"
"11",15,"abort","I am about to deck these 2 bitches in the fucking mouth.  #1A #2A #NRA #COS #CCOT #TGDN #PJNET  #WAKEUPAMERICA #SemST","None","Against"
"12",18,"abort","Why would I want to make choices about my own body, when a congressman could do it for me?  #ConversationsWithAlex #SemST","Favor","Against"
"13",20,"abort","It's sad to see so many people getting their values from Hollywood rather than the Holy Scriptures.  #ProLifeYouth #SemST","None","Against"
"14",24,"abort","it's not that i don't want to be at work. it's that i rather be asleep. #SemST","Favor","None"
"15",27,"abort","Like how can you sit there and even go through with the process #SemST","Against","None"
"16",32,"abort","@nytimes while you are at it, eliminate all drugs, cars, planes, food, electricity, and anything else that MAY cause a death. #SemST","Against","None"
"17",36,"abort","89% of abortions occur at the 12th week or before #letstalkabortion #SemST","Against","None"
"18",37,"abort","1.2% of abortions happen at 21 weeks+  (these are only exceptions) #letstalkabortion #SemST","Against","None"
"19",41,"abort","I'm really pissed off by vaccines mandates. It's not ok to force parents to inject their kids when there might be consequences. #SemST","Against","None"
"20",42,"abort","Please vote against the anti-choice amendment to the Scotland Bill on Monday @KevinBrennanMP - Thanks! #abortionrights #SemST","Favor","Against"
"21",47,"abort","Every1 needs 2 c @Rick_Reyna & @rallysforchrist's movie #TheRallyLA. It's life transforming. #drugs #forgive #SWBC2015 #Salvation #SemST","None","Against"
"22",48,"abort","@VeronicaCoffin @Fingersflying the irony of Margaret Sanger wanting to rid the world of blacks. #SemST","None","Against"
"23",49,"abort","#rally4life Motherhood is for some much-wanted,for others it is not.It should be by choice, not by force. Respect women's choices #SemST","Favor","Against"
"24",50,"abort","I hope you all either enjoy the rugby or enjoy not enjoying the rugby #SemST","None","Against"
"25",52,"abort","@Independent_ie No one has 5he right to tell any person what they should do with their body #SemST","Favor","Against"
"26",55,"abort","pro-choicers are basically tryna fight oppression with more  oppression . #feminist #SemST","None","Against"
"27",56,"abort","#rally4life more like rally for people who think they have the right to authorise other people's decisions #SemST","None","Against"
"28",58,"abort","Wish I could be at the #rallyforlife counter protest. Women are people. Fetuses are clumps of cells. End of story. #ireland #SemST","Favor","Against"
"29",59,"abort","#rally4life because if they don't want an abortion, then no one can have the choice  #SemST","Favor","Against"
"30",60,"abort","@MikeDury And don't forget, now ""Private clubs"" and organizations. AKA ~> #GirlScouts & #SemST","None","Against"
"31",62,"abort","Solidarity with all at the counter #rally4life - Ireland won't be equal until women have full control of our bodies #repealthe8th #SemST","Favor","Against"
"32",63,"abort","This #rally4life shit! How people support it I'll never understand. #SemST","None","Against"
"33",64,"abort","Dear to who it may concern;""YOU stand up for my right to live.   #Baby #murder #RightToLife #unborn #womensrights #legal #SemST","Favor","Against"
"34",66,"abort","@PrevailChris Sexual Assault is Epidemic.. Not just in Military, Colleges, Universities. Fight 2 Stop this Crime=Less Need 4 #SemST","None","Against"
"35",67,"abort","The #rally4life  shows yet again what little support these people have.  #repealthe8th #SemST","None","Against"
"36",68,"abort","CPCs in this town of 5000: 2. #goddamn #SemST","None","Against"
"37",69,"abort","A prochoice advocate but circumcise ur baby? Fucking hypocrite! #circumcision #humanrights #SemST","Favor","Against"
"38",75,"abort","@BuhayIpaglaban @blueskies366 thank you again to show that you are AGAINST CONTRACEPTION. ""#Prolife"" = a code word for #misogyny. #SemST","None","Against"
"39",79,"abort","@BuhayIpaglaban @blueskies366 The culture of death is ""#prolife"" who deny pregnant people healthcare. #SemST","Favor","Against"
"40",80,"abort","@BuhayIpaglaban Bullshit multiplied by bullshit is still bullshit. #SemST","None","Against"
"41",81,"abort","Happy July 4th- freedom day! Let liberty ring out! #freedom #Faith #Jesus #REVIVAL #Life #tcot #SemST","None","Against"
"42",82,"abort","@Stephen_C_Ward  What are they doing with acid signs oh yeah their all tripping #lsd  #SemST","None","Against"
"43",83,"abort","@_msthirdward @BuhayIpaglaban @blueskies366 It's never been about ""life"" has it? ""#Prolife"" are OK with women dying. #SemST","Favor","Against"
"44",87,"abort","RT @freesafelegal: ""Why does the government not hold a referendum on abortion?"" asks UN CESCR Mbr Pillay #UNIRL #SemST","Favor","Against"
"45",88,"abort","Leftist, Progressives love 2lie & claim they believe in God, but if they do they would never support #gaymarriage #Obamacare #SemST","None","Against"
"46",89,"abort","I'll celebrate #IndependenceDay when EVERYONE in this country is equally free & not living in fear & poverty! #EqualityForAll #p2 #SemST","None","Against"
"47",92,"abort","Every year I see #rally4life ads & think 'that sounds great!' Stop tricking me into thinking you want sth positive! #repealthe8th #SemST","None","Against"
"48",97,"abort","In 1776 we killed the conservatives, freed ourselves from that crap #rightwing #Christian #ChurchState #Tyranny. #Uniteblue #tcot #SemST","None","Against"
"49",98,"abort","Compromising on #sin gets easier as time goes on. Oh yeah, it didn't just start! #sexual-impurity #WakeUpAmerica #SemST","None","Against"
"50",99,"abort","AntiChoice laws say women can't make their own decisions  #SemST","Favor","Against"
"51",101,"abort","@Jizismyname can't wait to see you on @heyqweentv #JizIsMyName #ElectronicaDrugDealer #Jiz  #SemST","None","Against"
"52",102,"abort","@FaceTheNation @nytimes where is #SilencedDiscourse for @TheDemocrats #Divisions on #SchoolChoice #Taxes #DoubleStandard #Biased #SemST","None","Against"
"53",103,"abort","@Mediaite @CNN where is #SilencedDiscourse for @TheDemocrats questions on #Divisions #SchoolChoice #Taxes #DoubleStandard #Biased #SemST","None","Against"
"54",106,"abort","A much needed 3 days with these guys @rory3burke @Im_Brady missed @JimmahTwittah but what a weekend #SemST","None","Against"
"55",107,"abort","if truth is a micro aggression 2 the left Why is name calling by the left not a mega hypocrisy? #UniteBlue #LibCrib #maddow #SemST","None","Against"
"56",108,"abort","If #Freewill is good enough for your #god it should be good enough for you. #SemST","None","Against"
"57",112,"abort","@denisemourges @RepThomasMassie I know! I'm the only perfect :-) candidate. #ProCivilLiberties #ProBusiness #ProWorker #ProPeace #SemST","None","Against"
"58",113,"abort","Next time just keep the baby   #SemST","None","Against"
"59",114,"abort","People don't care about things that don't effect men which is the same reason it's sexist we don't cover birth control  #SemST","Favor","Against"
"60",116,"abort","@ConnectCatholic The justification of abortion is rooted in selfishness & fear & they come from lack of faith & self centeredness #SemST","None","Against"
"61",130,"abort","@nosilentsprings And an even worse place from which to make medical decisions FOR OTHER PEOPLE #mybodymychoice #notyours #notgovt #SemST","Against","Favor"
"62",132,"abort","@thejournal_ie sad this is what has to be done for women in need #SemST","Favor","None"
"63",136,"abort","@BuhayIpaglaban @laurawrpie @JaxLeSigh Like I said I'm glad this medical procedure is around so that pregnant people stay healthy. #SemST","Against","None"
"64",137,"abort","@BuhayIpaglaban @laurawrpie Every time I ""discuss"" with ""#prolife"" it reaffirms my belief that #antichoice are complete idiots. #SemST","None","Favor"
"65",140,"abort","@laurawrpie @ProWomanChoice d real question is. do u even research d side effects of abortion and contraceptives? #KnowYourFacts #SemST","Favor","Against"
"66",142,"abort","Oh you dont like that Im Pro-choice.  Pftt. Dont try to force me to be pro-life. Fuck off   #sorrynotsorry #SemST","Against","Favor"
"67",144,"abort","Not sure where I stand on God and religion.  Still, don't need to be a Christian or religious to be against abortion.  #evil #SemST","Favor","Against"
"68",149,"abort","You can't give the ""death penalty"" to something not living sentient or autonomous #WarOnWomen #roe42 #reprohealth #SemST","Against","Favor"
"69",151,"abort","@ShowTruth if they made it illegal, people would use coat hangers, and your photos would really be messed up. #letdoctorsdoit #SemST","None","Favor"
"70",157,"abort","What about in cases of rape #SemST","Against","Favor"
"71",158,"abort","Only one can have bodily autonomy #SemST","Against","Favor"
"72",160,"abort","Like 96% of antis don't care about breathing viable persons, and 100% care about embryos more #SemST","Against","Favor"
"73",167,"abort","FYI: Whoopi Goldberg is a feminist hero for her six abortions. #WomenAgainstFeminism #SemST","Favor","Against"
"74",170,"abort","@ShowTruth YOU CAN'T HANDLE THE TRUTH! People will always do it no matter the laws. #letdoctorsdoit #SemST","None","Favor"
"75",171,"abort","@XaviPereda @HillaryClinton sorry Hilary but I'm #southern and don't bleed that #rainbow #BleedRed #america #southwillriseagain #SemST","None","Against"
"76",184,"abort","@paigeymadisonn: 12. something you hate.  People who don't believe abortion should be kept safe and sterile. #SemST","Against","Favor"
"77",188,"abort","I #DenounceHarper for refusing to include family planning in foreign aid even though spending $1 could save $6 #wherestheFP #SemST","Against","Favor"
"78",189,"abort","Looking forward to the protest today. I can't be there long but I hope my signs will. #Kingston #protesters #SemST","None","Against"
"79",190,"abort","Our #TruthTour continues in #CarletonPlace as we show the graphic truth of abortion 2 traffic & pedestrians! #ShowTheTruth #onpoli #SemST","None","Against"
"80",203,"abort","DEAR PROABORTS: Using BAD grammar and FILTHY language and INTIMIDATION makes you look ignorant, inept and desperate. #GodWins #SemST","None","Against"
"81",205,"abort","Good thing I don't live in Kingston woulda started a riot by now with this 'pro-life' protest #SemST","Against","Favor"
"82",207,"abort","We must love our neighbor as being made in the image of God and as an object of His love. ~ Saint Vincent de Paul #SemST","None","Against"
"83",208,"abort","@micknugent What nonsense is this colleague of yours writing about?? #everylifematters #SemST","None","Against"
"84",219,"abort","Basically this documentary is ""You kill babies so we're going to kill you"" Lol the irony of pro-lifers. #aftertiller #SemST","Against","Favor"
"85",224,"abort","There weren't any volunteers outside abortion clinic when she had her abortion bcs there aren't enough of us. Can you join us? 2/2 #SemST","Favor","Against"
"86",226,"abort","@BuhayIpaglaban So you've blown right past the whole ""women stopped dying after RvW"" thing. #prolifelie #hashtagitall #SemST","Favor","Against"
"87",234,"abort",",@CoraSherlock When is Ms C case you've been promising happening? When'll a court be asked adjudicate her claims? #repealthe8th #SemST","None","Against"
"88",236,"abort","Congrats to my friends at @SBAList and @WRTL for their commitment in getting Pain-Capable Act passed. #wiright #theyfeelpain #SemST","None","Against"
"89",238,"abort","@HillaryClinton #gop as whole party has backwards ideas on #immigration #votingrights #womensright #civilrights. #healthcare #dapa #SemST","Favor","Against"
"90",239,"abort","@irritatedwoman I don't know about you, but I didn't vote for the GOP to capitulate to the Dems. #AllLivesMatter #SemST","None","Against"
"91",241,"abort","@notmuchelse Don't get pregnant! Make sure you don't get pregnant if you'd just kill your child if you do! @chooseliferacer #SemST","Favor","Against"
"92",244,"abort","@JaxLeSigh Evidence proves that morbidity & mortality rates of legal abortion r a lot higher dan carrying pregnancy 2 term #teens #SemST","None","Against"
"93",245,"abort","RT DavidHarris707: MathewsJeanne Thank you 4 your very #kind RT. God Bless You #Patriot. #babies matter #SemST","None","Against"
"94",246,"abort","MathewsJeanne Thank you 4 your very #kind RT. God Bless You #Patriot. #babies matter #SemST","None","Against"
"95",248,"abort","I'm against abortion, gay marriage, AND Donald Trump for President. #gaymarriage #DonaldTrump #SemST","None","Against"
"96",249,"abort","Hail (Mary), full of grace! The Lord is with you. (Luke 1:28) #SemST","None","Against"
"97",250,"abort","you can't say you support women's rights but be against abortion #SemST","Favor","Against"
"98",252,"abort","RT @RandForeman: It's so easy to be Pro-Choice, especially when you're not the one getting your skull crushed. #SemST","None","Against"
"99",253,"abort","#ChildrensCentre's in the #UK have stay & play sessions for very young / single parents  #childcare #parenting #SemST","None","Against"
"100",258,"abort","@DaRealMonieLove or these dumb anti-abortion #showthetruth assholes who sit on Canadian streets with inaccurate disturbing pics! #SemST","None","Favor"
"101",260,"abort","Fallopians 3:16 ""Not your fuckin' pregnancy - not your fuckin' business!""  #SemST","Against","Favor"
"102",270,"abort","@laurawrpie what do u call #teens hu got #pregnant even while ingesting contraceptives? success? Can a chaste girl get pregnant? #SemST","None","Against"
"103",4,"atheism","@David_Cameron   Miracles of #Multiculturalism   Miracles of shady 786  #Taqiya #Tawriya #Jaziya #Kafirs #Dhimmi #Jihad #Allah #SemST","None","Against"
"104",5,"atheism","This world needs a tight group hug. Tight enough to relieve them from all this anger and hate. #MakePeaceWithEachOther #SemST","None","Against"
"105",6,"atheism","Morality is not derived from religion, it precedes it. -Christopher 'The Hitch' Hitchens #freethinkers #SemST","Favor","Against"
"106",8,"atheism","@SecularDutchess I'll be your huckleberry @DeanModified #SemST","None","Against"
"107",10,"atheism","If only dreams were real, now it's gone. #SingleBecause #getonyourfeet #SemST","Favor","Against"
"108",11,"atheism","Happy Independence Day to America and her beautiful constitution #IndependenceDay #USA #SemST","None","Against"
"109",13,"atheism","These days, the cool kids are atheists.  #freethinker #SemST","Favor","Against"
"110",14,"atheism","Next time you hear someone say that our Founding Fathers intended a ""Christian Nation,"" show 'em those quotes. #SemST","Favor","Against"
"111",15,"atheism","#ILoveIslamBecause and v should love Islam because its a Deen instead of just a #SemST","Favor","Against"
"112",19,"atheism","America, like all of us, has both beauty and brutality coursing through its blood. #4thofjuly #spirituality #SemST","None","Against"
"113",21,"atheism","I am Baloch and I will not allow Talibanization in Balochistan ... #Taliban #Extremism #SemST","None","Against"
"114",24,"atheism","Phew! Am glad we came to our senses and worship a 2,000 year old carpenter. - Bart Simpson #jokes #SemST","Favor","Against"
"115",26,"atheism","#JaganNathAzad, a #Hindu, was asked by founder of #Pakistan to write the first National Anthem. #SemST","None","Against"
"116",28,"atheism","Who cares if this person or that person is xtian or atheist. Polpott, hitler or mao.   God still does not exist.   #SemST","Favor","Against"
"117",31,"atheism","Jesus response to a religious environment  was to create a royal environment.  It drove people nuts. Still does - thank God #SemST","Favor","Against"
"118",34,"atheism","The Best #conspiracy of the world is #Religion. #science #davincisdemons #SemST","Favor","Against"
"119",35,"atheism","American conservatism has everything to do with religion with all the good stuff taking out of it. #SemST","Favor","Against"
"120",41,"atheism","Watch @Dame_Lillard bring the Blazers to the playoff #Beast #SemST","None","Against"
"121",42,"atheism","The Irish national school system is secular under law. We can reaffirm secularism by going through the courts! @HumanismIreland #SemST","Favor","Against"
"122",46,"atheism","Proud to be #TeamJinnah :) No Bhutto, no Imran's , only Jinnah's Pakistan :) #Inclusive #SemST","None","Against"
"123",48,"atheism","Religious holidays should not be public. #RightsAndRecourse #Transformation #SemST","Favor","Against"
"124",50,"atheism","RT @br_holden: Religions are perfectly happy to peddle an afterlife that doesn't actually exist.  #freethinker #SemST","Favor","Against"
"125",51,"atheism","RT @br_holden: Superstition-based thoughts tend to be wasted thoughts.  #freethinker #SemST","Favor","Against"
"126",52,"atheism","RT @br_holden: Just say no to superstitious thought in general and religions in particular.  #freethinker #SemST","Favor","Against"
"127",53,"atheism","RT @br_holden: Atheists have every right to exist in the public sphere.   #freethinker #SemST","Favor","Against"
"128",55,"atheism","@Rowdman53 Atheist are offended with Christian Symbols  + Only when when forced where they don't belong. #SemST","Favor","Against"
"129",56,"atheism","Pushing beyond the absurd The light in darkened minds Railing against ancient words Seeking, honest, open it is truth we find. #SemST","Favor","Against"
"130",62,"atheism","We are human. It is human nature to eat and drink ourselves destitute, fuck each other raw, and kill each other. #SemST","None","Against"
"131",83,"atheism","I don't believe in the hereafter.  I believe in the here and now. #SemST","Against","Favor"
"132",86,"atheism","Sometimes it's the broken heart that finds the truest path to love. #SemST","Against","None"
"133",101,"atheism","@godless_mom I like how Jesus is reduced to appearing on toast and photoshopped images and they still praise it. #SemST","Against","Favor"
"134",102,"atheism","@godless_mom @stereotypemepls @FlyPastafarian how come u NEVER talk about the GUY who raped his DAUGHTER for 18 years (por exemplo) #SemST","Favor","None"
"135",103,"atheism","Life's just like a test to sort out the best from the unfit rest. #adversity #evolution #Heaven #Nirvana #Valhalla #SemST","Against","None"
"136",104,"atheism","Hindus pay for Muslim subsidy for HAJ..but need security from Muslims to visit temples-Amarnath yatra..   #HindusUnderAttack #SemST","Against","None"
"137",121,"atheism","One Nation on their knees, with blowjobs and semen for all. Heavens to Betsy! #ReligionIsBullshit  #fyilive #SemST","Against","Favor"
"138",128,"atheism","@aigkenham @ATHE1STP0WER compromise your intentional ignorance all the way to freedom from religion. The best plan ever! #SemST","Favor","Against"
"139",131,"atheism","@flipflops I can confirm. They also worship #Hitler, the atheist diety and inventor of #SemST","Favor","Against"
"140",142,"atheism","While scientists fantasize about bugs I am considering gods.  ~~   #TheLUPOL #theism #futurism #singularity #AncientAliens #SemST","Favor","Against"
"141",154,"atheism","@Pseud0_Anon @SuhaibSaqib1 very true. Raising awareness and compassion is our goal. #SemST","Against","None"
"142",170,"atheism","Just a reminder that humans do not need salvation. We need clean water, food, housing, healthcare, and education. #SemST","Against","Favor"
"143",171,"atheism","Jesus is not dead , he wasn't real !notdead #SemST","Against","Favor"
"144",174,"atheism","I think my username would be cool but now it looks stupid. #SemST","Favor","None"
"145",175,"atheism","@SaberinZe @TheBricsPost absurd like saying #nato membership will help #Russia #Pakistan is #islamist can't be friend of #india #SemST","Favor","None"
"146",178,"atheism","#IslamicScholars have to re-think and to do research on this single but vital point. #Pakistan #Islam #HolyQuran #Hadith #SemST","Favor","Against"
"147",179,"atheism","RT @PaulGetter: When your past calls, don't answer. It has nothing new to say. #TeamJesus #SemST","Favor","Against"
"148",183,"atheism","The enemy is not #Muslims #Christians or #Judaism. The real enemy is EXTREMISM.  Humans killing humans. #RespectBeliefs #StopWar #SemST","Favor","Against"
"149",196,"atheism","@Ageoftheatheist ~ ""Age of the #Atheist"" where life has no purpose & no hope! #SemST","Favor","Against"
"150",199,"atheism","when you get distinctions for half your modules but started studying the day before for each because of shoots. Thank You Father!!! #SemST","Against","None"
"151",204,"atheism","@MuhammadAli except for your belief in Allah. Gods are imaginary. Love and humanity are real. I love you. Be well and take care. #SemST","Against","Favor"
"152",205,"atheism","AtheistQ ""God's guidance is the only excuse for a man who can't find a better justification for his actions. #SemST","Against","Favor"
"153",216,"atheism","How soon do you think WWIII &WWWIV will begin? #U9tedWeStand #EndRacism #EndReligion #EndSexism #EndMisogyny #LoveYourNeighbor #SemST","None","Favor"
"154",218,"atheism","Where will you be when @NewHorizons2015 flies by Pluto? #NewHorizons #PlutoFlyby #Pluto #EndRacism #EndSexism #EndReligion #Peace #SemST","Against","Favor"
"155",0,"clim","Closed door session begins. More after they decide on the entities.  #GCF #SemST","Favor","None"
"156",3,"clim","...a longer memory, and a sterner sense of justice than we do. -W.Berry #SemST","Favor","None"
"157",8,"clim","It literarly just took me 10 minutes to get in a bus because an old lady just had to go in front of everyone... #SemST","Against","None"
"158",14,"clim","@soundofideas we Have to talk about new normals #SemST","Favor","None"
"159",19,"clim","@loic Yes, you shouldn't. But, stop killing animals is not the only reason to become a vegan - #stopfamine #behealthy #SemST","Favor","None"
"160",34,"clim","@jiminhofe anthropogenicthat which is caused by humans; #SnowballJim #SemST","None","Favor"
"161",35,"clim","I thought Seattle was supposed to have a lot more rain #drought #SemST","None","Favor"
"162",38,"clim","It's most exciting to witness a major development! @urgenda #SemST","Favor","None"
"163",42,"clim","@ChadCowie Indigenous ppl will save the country, if it's not too late. #SemST","Favor","None"
"164",43,"clim","Turn the Liverpool Plains into a coal mine...is there any bad idea this government doesn't like? #FoodBowl #Shenhua #auspol #SemST","None","Favor"
"165",46,"clim","The Weather app keeps taunting us with rain. #PNW #drought #SemST","Favor","None"
"166",49,"clim","Haven't moved an inch since yesterday.  #bcpoli #vancouver #bcwildfire #yvr #realrenewables #SemST","Favor","None"
"167",55,"clim","Counting down the days until my PhD starts #77 #tephrochronology #southernhemisphere  #chronology #oxford #SemST","Favor","None"
"168",58,"clim","Our cardboard city with @Joshpaulevans from @TearfundRhythms in our @cscw_uk youth club on Monday. #SemST","Favor","None"
"169",70,"clim","A Very Good Discussion:Ruth Valerio @ARochaUK and Premier Radio's @revcindy1 on key issues affecting us in #Pope #Encyclical #SemST","Favor","None"
"170",83,"clim","@ILuvCO2 @UNGeneva @WMOnews @ParisCOP21 U love CO2 so I can only understand your point of view.But u n I know the trigger of #SemST","None","Favor"
"171",84,"clim","Haven't seen the mountains in days with all these fires. Can't stand breathing this air quality any longer!!  #SemST","Against","Favor"
"172",88,"clim","Actually on second thoughts, it's pretty bloody terrifying #climatecrisis #ISS15 #SemST","None","Favor"
"173",92,"clim","The stock market froze  In the summer ?!! #SemST","Against","None"
"174",98,"clim","What has been will be again, what has been done will be done again; there is nothing new under the sun. Ecclesiastes 1:9 #SemST","Favor","None"
"175",101,"clim","@xrisham Reminds me of Nottingham in the early 1960's #ActOnClimate #SemST","None","Favor"
"176",102,"clim","@blueislandcity Jason Berry says he discusses that while $$ would buy a big pipe, maybe that won't work w #ResilientChicago #SemST","Favor","None"
"177",109,"clim","@UN ice cracking in the summer?? SO ALARMING. #climatechangehoax #SemST","Favor","Against"
"178",110,"clim","Its July 8th.. I have clean clothes... I just put jeans on though. #SemST","Favor","None"
"179",111,"clim","the water hole time to drink! RT""@vicenews #SemST","Favor","None"
"180",113,"clim",".@McKenzieAmanda's presentation on shifting the public narrative in a hostile environment should be good #anzca2015 #SemST","Favor","None"
"181",114,"clim","67 degrees Fahrenheit on July 8th. I love this weather! #PureMichigan #SemST","Favor","None"
"182",120,"clim","#ClimateChangeDefinitions ""settled science"" = flawed computer models with jiggered data to force a predefined conclusion. #SemST","Favor","Against"
"183",122,"clim","#Questiontime Who is more likely to solve problems related to #poverty #sustainability & #government? #religion? #business? #SemST","Favor","None"
"184",127,"clim","@Myrmecos Still a larval theory. Still poorly modelled. Still unquantified. Still multi-factor. Still flummoxed by albedo. #SemST","Favor","Against"
"185",128,"clim","Whole species #Boomers #GenerationX GenerationY #GenZ Needs a vacation. 25 years on a Greek Island anyone? #HumanExtinction #SemST","None","Favor"
"186",132,"clim","@WEETFEvents Jonathan Tillson from @DefraGovUK highlights how economic stability will be undermined by #SemST","Favor","None"
"187",135,"clim","$500,000 on flags in 12 months  vs  An Inter-Generational Rot that addresses   #ThingsToSpendMyTaxesOnOtherThanFlags #SemST","Favor","None"
"188",136,"clim","Climate deniers is a term used to silence those pointing out the hypocrisy in the fanatical zeal on  #climatetruth #SemST","Favor","Against"
"189",145,"clim","@wattsupwiththat yes ironic that the alarmists are the actual ""deniers #SemST","None","Against"
"190",146,"clim","@JustinTrudeau Hey Justin I will give you 50 cents if you stop talking about climate 'Change' #Ottawa #davidsuzuki #cbc #SemST","Favor","Against"
"191",147,"clim","If @EPA & @POTUS don't have to follow SCOTUS why should anyone else have to #ClimateFraud #SpecialReport #WakeUpAmerica #SemST","Favor","Against"
"192",149,"clim","Govt announcement on zero carbon homes ""short-sighted, unnecessary, retrograde and damaging"" says @UKGBC #energyefficiency #SemST","Favor","Against"
"193",151,"clim","We are not ""killing the Earth"". The Earth has been through worse and will be fine after all humans suffocate, drown or starve #SemST","Favor","Against"
"194",152,"clim","Sea Level Rise above 6 meters - what does that mean? It means 20 ft above current heights. #SemST","Against","Favor"
"195",155,"clim","If you dont have the capacity to take it in and act-what can you do to increase your capacity for connection and compassion? #SemST","Favor","None"
"196",157,"clim","The only thing ""man made"" about global warming is the false narrative. #WakeUpAmerica #boycottSanFrancisco #Election2016 #SemST","Favor","Against"
"197",161,"clim","Lot's of time, class over! @nationaljournal #SemST","Favor","None"
"198",162,"clim","@TheLibertyEagle Oh for the love of Pete! I thought we were going to be incinerated by then! #SemST","Favor","None"
"199",163,"clim","If complaining about irrelevant problems were illegal maybe we could solve some of the important issues #itsjustaflag #SemST","Favor","None"
"200",0,"hil","#mtp @meetthepress How is deleting emails -part of the government record -different from erasing parts of a tape? #nixon #p2 #SemST","None","Against"
"201",1,"hil","@JDSon78 @AndrewBroering AndrewWhyDoYouCareAboutWhatIThink? I DidNotRealizeThatIWasThisImportant. SirTweet AndrewIsAPaidTroll #SemST","None","Against"
"202",2,"hil","The white male vote is solidly GOP. The black vote is solidly DEM.  That leaves white females and brown ppl. #FeelTheBern #SemST","None","Against"
"203",3,"hil","@nyinvesting big banker buds need to ratchet up their ""Hillary cares about the little people"" propaganda  #SemST","None","Against"
"204",5,"hil","@RushetteNY @TwitchyTeam Hillary to press: ""Curtsy while you're thinking what to say, it saves time"" #throughthelookingglass  #SemST","None","Against"
"205",6,"hil","@GovtsTheProblem This is what I see: Make way 4 ur queen peasants! Don'ttouch or talk 2 her U filth! #NoHillary2016 #Benghazi  #SemST","None","Against"
"206",9,"hil","#IfIhadAdollarFor wondering, was I that stupid when I was a #Democrats? #Obama #2A #NoAmnesty #WakeUpAmerica #SemST","None","Against"
"207",10,"hil","@BeladonnaRogers @Chairmnoomowmow The compliant media allowed themeselves to b herded by a couple of strands of rope? Good sheep! #SemST","None","Against"
"208",11,"hil","The #HillaryCampaignSong Top 20 will be revealed (and voting will resume) Monday morning at 10am PT! #SemST","None","Against"
"209",12,"hil","@HillaryforNH will u rope off the people too Hillary swine?  #uppers #uniteblue #SemST","Favor","Against"
"210",13,"hil",".@mite72 @PatVPeters NEITHER ONE!!!! Just making a funny! #SemST","None","Against"
"211",20,"hil","The ropes might keep people back now Hillary but You WILL answer to americans come debate time you coward. #tcot #RedNationRising #SemST","None","Against"
"212",22,"hil","I think marriage is as it has always been, between a man and a woman. - @HillaryClinton  #MarriageEquaility #justsaying #SemST","Favor","Against"
"213",28,"hil","@tracieeeeee @Irishsmiles1966 @Chloecat317 @weknowwhatsbest THINK POSITIVELY! #OiP #Cruz2016 #MakeDCListen #NoRINOs #NoLibProgs #SemST","None","Against"
"214",29,"hil","Congratulations to our Women Soccer Team for just winning the World Cup against Japan 5-2, women rule ! #freeallfour #SemST","None","Against"
"215",30,"hil","Team USA  showed the world what American women are capable of! Is Hillary next? #WWC2015 #SemST","Favor","Against"
"216",31,"hil","@HillaryClinton: Here's to fearless women chasing their goals. Congratulations, Team #USA! H #SemST","Favor","Against"
"217",32,"hil","@deeceejazz Do we really want to know what's under those pantsuits? Besides the black heart of evil. #SemST","None","Against"
"218",33,"hil","@HillaryClinton FUCK OFF CROTCH ROT BITCH  WE ALL KNOW WHAT YOU THINK ABOUT WOMEN AND RAPED GIRLS #HILLARYCLINTON #USA #SemST","None","Against"
"219",37,"hil","@danmericaCNN @GenGSPatton @danamericaIt looked like they were the ones tying the knots. @jlconnell66 #Killary #SemST","None","Against"
"220",41,"hil","@dougshelton749 @realDonaldTrump  #HRC would be an even bigger threat to America than #Obummer.   #WakeUpAmerica #SemST","None","Against"
"221",47,"hil","@TheJackOBrien @instapundit BOOM! I believe the 6th 'reporter' from the left has forgotten her mittens. #MediaStiffArmed #SemST","Against","None"
"222",48,"hil","That's true, as long as one works hard, has a record of accomplishment and deserves it. @HillaryClinton NOT #SemST","Favor","Against"
"223",51,"hil","@WashTimes This is indefensible! One of the dumbest things I have ever seen a campaign do. Even the left was outraged by this.  #SemST","Against","None"
"224",52,"hil","@thehill Who's in charge of Hillary's campaign? Please get it under control and on message. #smh #SemST","Favor","Against"
"225",54,"hil","Education should not be a debt sentence! -Former State Representative Patricia Harper  #FellowsIA #SemST","Against","None"
"226",59,"hil","If it's been 80+ days since you've done an interview,  can we assume you're not really running for president? #SemST","Against","None"
"227",61,"hil","I dislike our idiots as much as I dislike theirs. #SemST","Against","None"
"228",64,"hil","I don't know how well a socialist is gonna play with southern democrats. #BernieSanders #SemST","Against","None"
"229",72,"hil","Wait...... you said ""BILL COSBY?""  Oh, I'm sorry, I thought you said ""BILL CLINTON!""  #uniteblue #ReadyForHillary #SemST","None","Favor"
"230",73,"hil","Rhodham Hood: It takes a village to  community organize wealth redistribution Obama-style.   #SemST","Against","None"
"231",78,"hil","@TGowdySC Your committee has NOTHING!, 4 other committees found NOTHING! UR wasting our money on a witch hunt. #HillaryClinton #SemST","Against","Favor"
"232",83,"hil","While I like Bernie as much as the next liberal, if we nominate him we could actually lose to some RWNJ #SemST","Against","None"
"233",86,"hil","@SenSanders bashes Obama job numbers.Calling it a lie. #istandwithPresidentObama #VoteBlue2016 #HillaryClinton #Democrats #SemST","Against","Favor"
"234",90,"hil","Tea Party Nation, Tea Party group listed by Southern Poverty Law Center as hate group. The Tea Party is The NEW Aryan Nations #SemST","Against","None"
"235",91,"hil","It's time that we move from good words to good works, from sound bites to sound solutions.--@HillaryClinton #ReadyForHillary #SemST","Against","Favor"
"236",94,"hil","True Christians follow Mathew, Mark, Luke and John. GOP-Tea Party anti-Christians follow Hannity Limbaugh, O'Reilly and Palin #SemST","Against","None"
"237",98,"hil","Based on the long lines, I thought it was free burrito day at Pancheros but it was actually Hillary! #ReadyForHillary #SemST","None","Favor"
"238",99,"hil","I've been called many things, quitter is not one of them -@HillaryClinton in Iowa City Public Library #HillaryforIA #SemST","Against","Favor"
"239",103,"hil","@OutnumberedFNC: Hillary chooses Brianna Keilar for her first interview. What can we expect? #SemST","Favor","None"
"240",109,"hil","Hillary Clinton Accomplishment of the Day: extended full military health benefits to reservists and National Guard members. #SemST","Against","Favor"
"241",112,"hil","@kwrcrow Probably for the same reason bho has not ...& @SpeakerBoehner is one of them @GOP @HouseGOP @seanhannity  #StopBush #SemST","Against","None"
"242",116,"hil","She's smarter and works harder . Empty accusations,inferences,gossip and rumors are rubbish. #SemST","Against","Favor"
"243",118,"hil","@kasie I do! And I had an invitation to their beta test before they even officially launched. #HillaryLies #SemST","Favor","Against"
"244",121,"hil","@TwitchyTeam ...and then she'll turn around and treat them like dogs. #RopeLine #SitUbuSitGoodDog #SemST","None","Against"
"245",123,"hil","@USATODAY @HillaryClinton how about finding her a #pathtoJAIL #DONOTPASSGO do collect any Any more of #WeThePeople s #SemST","Favor","Against"
"246",126,"hil","ROFLMAO! 2012 @GOP couldnt kiss enough of #DonaldTrump ass! Now GOP cant run fast enough. #tcot #uniteblue #Bernie2016 #SemST","None","Against"
"247",127,"hil","@HillaryClinton made me proud today!  Nothing like reinforcing what I already knew!  #SemST","None","Favor"
"248",131,"hil","@HillaryClinton Many of us r near ruin! #SaveTheMiddleClass #PresidentHillaryClinton #StopOutSourcing #SemST","Against","Favor"
"249",134,"hil","If Hillary wins next year it'll be the first time two presidents have had sex with each other #SemST","Against","None"
"250",135,"hil","President Jimmy Carter:  There's no doubt Hillary will get the nomination. And when she does I'll be happy to support her #SemST","Against","Favor"
"251",142,"hil","Entire campaign platform for @HillaryClinton seems to be... ""I'm Hillary Clinton"".  #norecord #nosubstance #tcot #PJNET #SemST","Favor","Against"
"252",146,"hil","Do you Progressives know how dangerously close you are to suppressing free speech? Stop it.   #inners  #readyforhillary #SemST","Against","Favor"
"253",149,"hil","#NoHillary2016 & her #PredatorRat, too. MT ""@steve0423: We need to get these stickers up nationwide! #tcot #RedNationRising #SemST","None","Against"
"254",151,"hil","@Reince Hardly a hard-hitting interview like with GOP candidates. Did CNN preclear its questions with her campaign in advance?? #SemST","Against","None"
"255",156,"hil","RT @JohnFugelsang: They should just make the GOP primaries a reality game show called ""Who Wants To Get Beat Up By A Girl? #SemST","None","Favor"
"256",157,"hil","@csham21 @EstadodeSats Thank you so much for supportive #Freedom4Cuba RTs! #WakeUpAmerica #Cuba #TodosMarchamos #SemST","Against","None"
"257",159,"hil","@M_E_Adams if a Demonrat were to win I'd prefer Sanders over Killary. #SemST","None","Against"
"258",167,"hil","@stylistkavin Amazing how much they sound like Republicans! ; ) #ITrustHillary #SemST","Against","Favor"
"259",168,"hil","@pdg811 Didn't realize I was in a Republican echo chamber of faux scandals! Ask Gowdy to #Releasethetranscript  #ITrustHillary #SemST","None","Favor"
"260",170,"hil","#HillaryonCNN   The wicked person flees when no one is chasing them - Proverbs  #SemST","None","Against"
"261",177,"hil","Every time the republicans move to the middle, the liberals move the middle further to the left. #SemST","Against","None"
"262",183,"hil","@alison_rambles @RickCanton @ResistTyranny @RotNScoundrel @LeahR77 @LeahRBoss @RedStateJake  Because I have Grand Children!  #SemST","Against","None"
"263",184,"hil","If it weren't for her marriage, Hillary would unknown. Thanks a lot, Bill.  RT @MangyLover #HIllaryClinton #WeDontTrustYouHillary #SemST","Favor","Against"
"264",186,"hil","@realDonaldTrump has my vote! The truth will set you free and we need transparency in Washington now more than ever! #SemST","None","Against"
"265",195,"hil","Hillary ""We came, we saw, he [Gaddaffi] died"" psychopath Clinton. #HillaryonCNN #Nothanks #SemST","Favor","Against"
"266",196,"hil","It bugs me when some people seek to invalidate centrist Democrats. I prefer a bigger tent. #SemST","Against","None"
"267",198,"hil","Mining is where all the money is but our ""Leader"" says otherwise #ArrestObama #RedNationRising #OperationBendOver #NoSanctuary #SemST","Against","None"
"268",199,"hil","I wish #OliviaPope could run @HillaryClinton 's campaign... #Scandal #livisreal #SemST","Favor","Against"
"269",201,"hil","@CNN One would hope everyone would be fired up over such a blatant lie #SemST","None","Against"
"270",205,"hil","We stand with the great #Baltimore mayor! Fire all the Crooks in Uniform! @MayorSRB #FreddieGray #hannity @donlemon #BlueWall #SemST","Against","None"
"271",207,"hil","This is the 3rd time in U.S. that Republicans has a vacuum of presidential leadership. #SemST","Against","None"
"272",213,"hil","@3_Card_Monty : I believe the title would be ""First Lord"". Let THAT sink in!! #PJNET #SemST","Against","None"
"273",222,"hil","Jeb Bush says Americans should work longer hours. I'll do just that... TO ELECT HILLARY CLINTON! #SemST","None","Favor"
"274",225,"hil","@HillaryNews #GoKatie Ted you're not going to be President! #HillaryAllTheWay #GayMarriageisLegal #LGBT #GLAAD #PFLAG  #SemST","Against","Favor"
"275",226,"hil","I stand with @HillaryClinton I know she is for women, poor,children, middle class and GUN CONTROL. #SemST","Against","Favor"
"276",227,"hil","@NoahCRothman ""Everything I did was permitted."" -HRC. ""If God is dead, all things are permitted"" -Dostoyevsky.  #tcot #SemST","None","Against"
"277",228,"hil","#EpicLiberalFail Hilary lied about Banghazi and is caught on audio biahahaha #p2 #uniteblue #libcrib #libtards #SemST","None","Against"
"278",229,"hil","Enjoyed @jamiaw article on feminism + @hillaryclinton.We are building campaign that engages ppl through an intersectional lens #SemST","None","Favor"
"279",230,"hil","GW Bush gives $100K speech to wounded vets...then sells uranium to Russia. Oh wait. #SemST","Against","None"
"280",233,"hil","@Chairmnoomowmow @DrMartyFox I'm on team ""Anyone other than Hillary #SemST","Favor","Against"
"281",236,"hil","you can't bitch at me for donating to Dems.  Only way to get business done with them is to grease the skids #bribe #paytoplay #SemST","None","Against"
"282",238,"hil","@iaaronmitch Right now I think we're all sending special thanks to Donald Trump. #SemST","None","Against"
"283",243,"hil","I BLOCKED 2 Liberals Today!..A Very Good Thursday! #GODBLESSTHEUSA #HardCoreAmericanConservative #2A #NRA #ArticleV  #NoMoreBushes #SemST","None","Against"
"284",246,"hil","@Westxgal @irisflower33: This money will buy the Anti-American Libs including #SemST","None","Against"
"285",249,"hil","Only @theDemocrats want #crimigrants running amok in U.S. Cities.   #CancerIsProgressive #SemST","None","Against"
"286",253,"hil","I dont understand the people that bash Donald Trump but take Hillary Clinton seriously #SemST","Favor","Against"
"287",254,"hil","Did you hear the answer Hillary gave to a reporter when they asked a question?!?   Neither have I.  #SemST","Favor","Against"
"288",259,"hil","Pondering why virtually all of my female friends, regardless of party, say they find Hillary annoying. #SemST","Favor","Against"
"289",262,"hil","Republican on facebook said :If it comes down to a choice between Donald Trump and Hillary,  I'm not voting! #SemST","Favor","Against"
"290",263,"hil","At the end of the day, support the candidate w/best chance of beating the progressive democrat.  Don't stay home.  #UniteRight #SemST","None","Against"
"291",276,"hil","@TheAtlantic cause  #Hillary Clinton is a LYING THEIVING CUNT  #SemST","Favor","Against"
"292",282,"hil","@SaysMissy HRC takes us Americans for mindless fools!! How insulting! #PJNET #OiP #SemST","None","Against"
"293",285,"hil","Wouldn't be surprise that it comes to light that Chelsea's husband cheats on her. #HillaryClinton #SemST","Favor","Against"
"294",290,"hil",".@HillaryClinton Looking 4ward 2 hearing your Economic Agenda on Monday July13. WOW a candidate talking Specifics & not Rhetoric! #SemST","Against","Favor"
"295",1,"fem","I searched for posts with ""feminist"" tag and saw how much hatred is against feminism. #misogyny #tumblr #hatred #sadness #tears #SemST","Favor","Against"
"296",2,"fem","I saw a little girl wearing a mustache from the vending machine. #equality #SemST","None","Against"
"297",3,"fem","Women are taught to put their values into their hymens, rather than their intelligence, accomplishments, goals or character #SemST","Favor","Against"
"298",6,"fem","Let us thank the likes of @thunderf00t and @Sargon_of_Akkad for exposing the complete idiocy of modern feminism. #SemST","Favor","Against"
"299",9,"fem","A wOMAN?? Wanting to be EQUAL to a MAN???!?! What monstrosity is this?!??!!!? #SemST","None","Against"
"300",11,"fem","One thing I learned from my job: doors to opportunity cover fee that only the privileged can afford. #privilege #truth #SemST","None","Against"
"301",12,"fem","1 thing I learned from my job: doors leading 2 opportunity have a cover fee only the #privileged can afford #sadtruth #SemST","None","Against"
"302",20,"fem","Turns out it's 3 people who have mansplained to me in the past couple of days. I forgot about the racist bigot #SemST","None","Against"
"303",23,"fem","Can we grow up and stop catcalling? #SemST","Favor","Against"
"304",25,"fem","Tonight I got called 'the one with the great rack' and I felt empowered because objectification exists for both sexes #SemST","Favor","Against"
"305",31,"fem","Thanks to SJW, I now associate the word ""trigger"" with a joke and I'm going to offend an actual PTSD victim #SemST","None","Against"
"306",34,"fem","I thought you would like it @AceofSpades14 #feminist #SemST","None","Against"
"307",37,"fem","@always__already Thanks for the fantastic story last month. So well captured us! Can't believe we missed it! #thisiswhatwelooklike #SemST","None","Against"
"308",38,"fem","Going off to write up second part of #TimHunt story - the collusion & false reports of @connie_Stlouis et al in Seoul. #journalism #SemST","None","Against"
"309",41,"fem","Last RT: ""there were lawsuits around women being able to eat in public without chaperone""  USA  20th Century  #SemST","Favor","Against"
"310",42,"fem","In civilian clothes and someone laughs at me thinking its a joke that I'm apart of the U.S. Navy. #SemST","None","Against"
"311",43,"fem","Nice rap by @RanveerOfficial @arjunk26 late but you made your point ki admi ki kya hai jarorat its all about #SemST","None","Against"
"312",45,"fem","Apparently #YesAllWomen who ""don't need no man"" never drive a car, turn on a light switch, or drink clean water. #SemST","Favor","Against"
"313",49,"fem","..Can I also add that I really enjoyed looking at @TahirRajBhasin in #Mardaani :P Tahir, you were a dashing baddie! #Bollywood #SemST","None","Against"
"314",50,"fem","As I rewatced Charmed episodes! LOVING IT EVEN MORE! #SemST","Favor","Against"
"315",51,"fem","We cannot succeed when half of us are held back. Malala Yousafzai #SmartGlamour #feminist #yesallwomen #equality #SemST","Favor","Against"
"316",52,"fem","@Afshah_Ronaldo you don't tell me what to do, i'm a strong individual male, I can make my own choices #ABCD #SayNoToOppresion #SemST","Favor","Against"
"317",55,"fem","2015 is the year of the uterus #sheBELIEVES #WWC2015 #SemST","None","Against"
"318",58,"fem","Really great to see people cheering for Hope Solo even though she has been involved in domestic abuse #equality #SemST","Favor","Against"
"319",59,"fem","@godlyputhy @jalexus_aames good but the first one is a technically false fact but whatever yay #SemST","None","Against"
"320",60,"fem","Up next! Watch me get called ""a sexist pig"" for ordering a sandwich from a female Subway sandwich engineer. #SemST","None","Against"
"321",62,"fem","@atheena99 @dopee_curlyy i don't even know what to say to that. You're content with being paid less and not treated like an equal? #SemST","Favor","Against"
"322",63,"fem","When I go up the steps of my house I feel like the @ussoccer_wnt .. I too have won the Women's World Cup. #brokenlegprobs #USA #SemST","Favor","Against"
"323",65,"fem","@coffey_cake4 @DailySexSupply too bad idgaf about #SemST","None","Against"
"324",74,"fem","I hate government, but if I were in government i'd want to be a District Attorney or a Judge to hold #YesAllWomen accountable. #SemST","None","Against"
"325",80,"fem","@NorBdelta HE DESERVED IT FOR BEING PART OF THE DOMINATING SEX CHECK YOUR PRIVILEGE #equality #SemST","None","Favor"
"326",82,"fem","Having fabulous feminist conversations with Naoise Wheelan. #SemST","Against","Favor"
"327",85,"fem","Some men do not deserve to be called gentlemen #SemST","Favor","None"
"328",88,"fem","Female sharks grow to be larger than male Sharks. #Sharkweek2015 #SemST","Against","None"
"329",89,"fem","I'm not a feminist, I believe in equality of the sexes! THATS EXACTLY WHAT FEMINISM IS #SemST","Against","Favor"
"330",100,"fem","Just watched the frickin' awesome interview with @caitlinmoran and @lenadunham ! What a breath of fresh air those two ladies are!! #SemST","Against","None"
"331",104,"fem","Why would they have girl dragons in dragonvale? #SemST","Against","None"
"332",111,"fem","I like girls. They just need to know there place. #SemST","Favor","Against"
"333",115,"fem","@Deb_Hitchens @JudgeBambi . There's no capacity for discourse when you assume ppl are your enemy. Hate. Misery. Paranoia. A waste. #SemST","Against","None"
"334",116,"fem","your mother did not carry you for 9 months so you could yell 'suck my dick' at me from your car #SemST","Against","Favor"
"335",117,"fem","It's a problem when explaining feminism, even in a calm & complex level, cannot be understood. #feminist #respect #EqualityForAll #SemST","Against","Favor"
"336",119,"fem","Remember men, if a woman hits you, you have no right to defend yourself #DeAndreJohnson #SemST","Favor","Against"
"337",123,"fem","Ladies is pimps too. Go on brush your shoulders off. #SemST","Against","Favor"
"338",124,"fem","I'm the bad cop to @Patjouk's good cop. (... Though am I/is she really? Muahaha. ;P) #tech #techdiversity #SemST","Against","None"
"339",128,"fem","I thought this video on #equality was interesting, contradictions and demonization about men in the agenda of passive and activist #SemST","Favor","Against"
"340",133,"fem","And girls just wanna have fun...damental rights #SemST","Against","Favor"
"341",134,"fem","Seriously considering writing an article on the ban of school skirts at a secondary school, any thoughts would be appreciated :) #SemST","Against","None"
"342",135,"fem","Why isn't this #Women also being #Charged for attacking #DeAndreJohnson first.#DoubleStandards #Sport #NFL #Abuse #CorruptSystem #SemST","Favor","Against"
"343",137,"fem","When women spend too much time out of the kitchen they get over opinionated and think they know everything #feminist #SemST","Favor","Against"
"344",141,"fem","@moo_mena unlearn that believing in gender equality is life saving, yes it's fab-but why not actively fight for change? #SemST","Against","Favor"
"345",142,"fem","@WALKAFLOCKKAA @kasscheeks @WeNeedFeminlsm they all acting like they lived through medieval times and shit #SemST","None","Against"
"346",143,"fem","@NormaniKordei hi, can u pls rt this people need to know about this!!!!! #feminist #SemST","None","Favor"
"347",144,"fem","@AllyBrooke hi, can u pls rt this people need to know about this!!!!! #feminist #SemST","None","Favor"
"348",147,"fem","Being a woman & being a feminist just means your not on your own side. #SemST","Favor","Against"
"349",150,"fem","Putting the air conditioners in while wearing a sundress because #SemST","Against","None"
"350",152,"fem","To the young woman I stood next to at KL airport. Sorry I did not step in when your partner grabbed, threatened you #YesAllWomen #SemST","None","Favor"
"351",153,"fem","#women learn to be women and #men learn to be men and I don't blame it all on you but I don't want to be your #friend  #lyrics #SemST","Favor","None"
"352",158,"fem","Unlike cancer treatments marriage risks outweigh the benefits. If oncologists married people everybody would be single #SemST","Against","None"
"353",159,"fem","@NAFEDUDE @TakedownMRAs It's never a problem until it happens to you =) #SemST","Against","None"
"354",160,"fem","Would mean a lot if u clicked the link in my bio #feminist #SemST","None","Favor"
"355",171,"fem","Dear parents, please don't tell your boys ""not to be a girl"" when they cry. Girls rock. #SemST","Against","Favor"
"356",172,"fem","You're a sexy bitch. Own that shit. #SemST","Against","Favor"
"357",173,"fem","How to oppress a strong and independent woman? Sit in a certain way... #manspreading #SemST","Favor","Against"
"358",176,"fem","Women shouldn't be topless! Oh shit and here I thought my breasts were for feeding babies and not the male gaze. My bad #SemST","Against","Favor"
"359",178,"fem","If women didn't have tits would any of us even really care anymore? #SemST","Favor","Against"
"360",183,"fem","men need to stop going along with feminists. it's giving them reason to think they're right. #SemST","Favor","Against"
"361",184,"fem","Bieber showed off his butt and no one slut shamed him but god forbid if we women wear shorts #doublestandards #sexism #SemST","None","Favor"
"362",185,"fem","The feds are still planning to put a woman on the $10 dollar bill #abouttime #equalityforall #historychanged #SemST","Against","Favor"
"363",187,"fem","Sleezy men: DO NOT catcall at me and @emmalizrizz while we're out walking. It's NOT welcome, attractive or harmless. #SemST","Against","Favor"
"364",188,"fem","Men are from Earth, women are from Earth. Deal with it.  - George Carlin #QuotesOfTheDay #EqualityForAll #equality #SemST","Against","Favor"
"365",189,"fem","Celebrities, please stop declaring yourselves ""not a feminist"" and coloring it with a different term. #equality #samething #SemST","Against","Favor"
"366",190,"fem","Women in the middle east get stoned to death for being raped but hey, check out the new friend icon in facebook! #SemST","Against","Favor"
"367",191,"fem","There really are days when I'm ashamed to admit I share gene's with some people, today is one of those days. #SemST","Against","None"
"368",192,"fem","I hate it when ignorant losers say ""another feminist cured."" I don't need to be cured for wanting to be treated like a person. #SemST","Against","Favor"
"369",194,"fem","The shaming we do around celebrity choices in photoshoots is highly related to the principles behind #SemST","Against","None"
"370",195,"fem","Why are you afraid of me when I open my mouth but not when I open my legs? #SemST","Against","Favor"
"371",197,"fem","The anti-gamergate people have behaved abominably, and have no moral ground from which to stand in judgement. #gamergate  #antiSJW #SemST","None","Against"
"372",198,"fem","Unless u have a health or physiological problem, u should not be proud of ur overweight body! #health #SemST","Favor","None"
"373",200,"fem","@StacyLGage @mylittlepwnies3 because i need the whole world to validate my vagina #SemST","Favor","Against"
"374",201,"fem","I decided to watch The Stepford Wives and I hope the women go back to normal and smash the patriarchy it's big, dumb face. #SemST","Against","Favor"
"375",206,"fem","@watchyoomouth_ @SCbchbum are you fucking KIDDING ME? so you're saying that justifies rape? #rapeculture #smdh #SemST","Against","Favor"
"376",210,"fem","In the United States, when an unmarried man has a baby, his partner can give it up without his consent. #Patriarchy #SemST","Favor","Against"
"377",211,"fem","Marriage is driving under the influence of hormonal alcohol & divorce is the morally painful sobriety the day after. #SemST","Against","None"
"378",215,"fem","@PH4NT4M @MarcusChoOo @CheyenneWYN women. The term is women. Misogynist! #SemST","Against","Favor"
"379",219,"fem","@caitlinwinner Ladies in front of men is equality apparently #SemST","Favor","Against"
"380",220,"fem","Expel them_ #male millionaires from society!  All Rights for women and children!  Stop #children #women trafficking! #SemST","Against","Favor"
"381",221,"fem","Saw something about Facebook moving the gender icons around. Women are officially not living in the shadow of a man! #InternetWin #SemST","Against","Favor"
"382",222,"fem","Clothes with size number oppress woman . Remove them. #thisoppresseswomen #SemST","Against","Favor"
"383",226,"fem","Don't tell me what to do and what not to do. Now come here, let me tell you what a real man is.   #hypocrites #SemST","Favor","Against"
"384",229,"fem","#RapeCulture is leaving your new/used car in the worst neighborhood, doors wide open & not to expect #CarTheftCulture #SemST","None","Against"
"385",237,"fem","Just want gender politics to be over.  My brain hurts. #genderequity #patriarchy #MRA #SemST","Favor","Against"
"386",238,"fem","omg @KeyAndPeele you are fcking KILLING IT! #piratesong #womenaredoctorstoo #hoeisdisrespectful #SemST","Favor","Against"
"387",240,"fem","RT @LouiseMensch: Emma Psychowicz   He was cleared. #EmmaSulkowitz #PaulNungesser #justice #fauxminism #SemST","None","Against"
"388",241,"fem","Don't #GiveYourMoneyToWomen. Instead feed a cat or a dog. The animal will like you and show some gratitude.   #SemST","None","Against"
"389",246,"fem","#yesallwomen are #always #unstoppable if they whine whine whine to get their way #likeagirl  #GamerGate  #HoneyBadger #SemST","None","Against"
"390",247,"fem","#yesallwomen are #always #unstoppable if they cry to get their way #likeagirl   #GamerGate    #SemST","Favor","Against"
"391",248,"fem","if those feminists come to their senses about equality, they will be calling themselves equalist. @MeninistTweet #SemST","Favor","Against"
"392",250,"fem","@CollegeFix @WashTimes Please notice that ""Victims Advocates""were filing friend of the court briefs. #repealVAWA N destroy #SemST","None","Against"
"393",251,"fem","If your shampoo has more shit in it, you have to pay more. The pink tax is a farse. #pinktax #SemST","None","Against"
"394",265,"fem","@Cernovich lets hang our heads in shame that men have become so feminized #SemST","Favor","Against"
"395",266,"fem","Man: this is an issue and needs to be addressed Woman: this is an iss... Men: why are you so outraged???? #everydaysexism #SemST","Against","Favor"
"396",269,"fem","im okay with white girls with dreads because #SemST","Against","None"
"397",275,"fem","@fuckboyusagi : ATTENTION ALL FEMINISTS, FOLLOW #TumblrPosts #yesallwomen #THANKYOUELLENPAO #reddit #GamerGate #KILLALLMEN #LGBT #SemST","Against","Favor"
"398",278,"fem","@femfreq I don't understand why all these nerds hate you so much. I would love to do the nasty with you sexy #GamerGate #feminist #SemST","Against","Favor"
"399",280,"fem","@Maisie_Williams is our hero with her #LikeAGirl campaign! What a brilliant leader she is, so badass just like Arya! #GoT #SemST","None","Favor"
